{
  "$schema": "./node_modules/@angular/cli/lib/config/schema.json",
  "project": {
    "name": "pg-scm-workforce"
  },
  "apps": [
    {
      "root": "src",
      "outDir": "dist",
      "assets": [
        "assets",
        "favicon.ico",
        {
          "input": "../azure/",
          "glob": "web.config",
          "output": "."
        }
      ],
      "index": "index.html",
      "main": "main.ts",
      "polyfills": "polyfills.ts",
      "test": "test.ts",
      "tsconfig": "tsconfig.app.json",
      "testTsconfig": "tsconfig.spec.json",
      "prefix": "app",
      "styles": [
        "styles/bootstrap.min.css",
        "../node_modules/pg-primeng/resources/primeng.min.css",        
        "styles.css",
        "styles/font-awesome.min.css",
        "styles/com.css",
        "styles/site.css"
      ],      
      "scripts": [],
      "environmentSource": "environments/environment.ts",
      "environments": {
        "local": "environments/environment.ts",
        "dev": "environments/environment.dev.ts",
        "qa": "environments/environment.qa.ts"
      }
    }
  ],
  "e2e": {
    "protractor": {
      "config": "./protractor.conf.js"
    }
  },
  "lint": [
    {
      "project": "src/tsconfig.app.json",
      "exclude": "**/node_modules/**"
    },
    {
      "project": "src/tsconfig.spec.json",
      "exclude": "**/node_modules/**"
    },
    {
      "project": "e2e/tsconfig.e2e.json",
      "exclude": "**/node_modules/**"
    }
  ],
  "test": {
    "karma": {
      "config": "./karma.conf.js"
    }
  },
  "defaults": {
    "styleExt": "css",
    "component": {}
  }
}
